NO_OF_FRAMES	180
NO_OF_CAMERAS	0
NO_OF_MARKERS	14
FREQUENCY	100
NO_OF_ANALOG	0
ANALOG_FREQUENCY	0
DESCRIPTION	--
TIME_STAMP	--
DATA_INCLUDED	3D
MARKER_NAMES	S01_LFHD	S01_RFHD	S01_OZ	S01_C7	S01_LSHO	S01_RSHO	S01_LELB	S01_RELB	S01_LWRB	S01_RWRB	S01_IVIBoUp	S01_IVIBoLo	S01_IVISc	S01_SACR	
Frame	Time	S01_LFHD X	S01_LFHD Y	S01_LFHD Z	S01_RFHD X	S01_RFHD Y	S01_RFHD Z	S01_OZ X	S01_OZ Y	S01_OZ Z	S01_C7 X	S01_C7 Y	S01_C7 Z	S01_LSHO X	S01_LSHO Y	S01_LSHO Z	S01_RSHO X	S01_RSHO Y	S01_RSHO Z	S01_LELB X	S01_LELB Y	S01_LELB Z	S01_RELB X	S01_RELB Y	S01_RELB Z	S01_LWRB X	S01_LWRB Y	S01_LWRB Z	S01_RWRB X	S01_RWRB Y	S01_RWRB Z	S01_IVIBoUp X	S01_IVIBoUp Y	S01_IVIBoUp Z	S01_IVIBoLo X	S01_IVIBoLo Y	S01_IVIBoLo Z	S01_IVISc X	S01_IVISc Y	S01_IVISc Z	S01_SACR X	S01_SACR Y	S01_SACR Z	
1	0.01000	523.944	1115.732	1255.906	421.480	1086.639	1263.676	423.187	1337.334	1232.247	487.472	1352.502	1129.423	659.598	1154.118	1054.785	253.394	1409.928	1078.469	656.589	1037.570	738.694	97.120	1215.244	800.930	582.658	872.204	865.698	226.757	1047.586	898.341	567.381	936.881	1484.777	326.733	1008.057	774.940	727.890	712.350	930.246	525.034	1458.774	594.262
2	0.02000	524.008	1115.676	1255.739	421.556	1086.606	1263.547	423.300	1337.318	1232.251	487.494	1352.544	1129.423	659.582	1154.140	1054.720	253.436	1410.013	1078.461	656.622	1037.749	738.547	97.100	1215.540	800.778	582.670	872.346	865.455	226.670	1047.792	898.150	568.572	936.675	1484.120	326.476	1008.086	774.796	727.888	712.460	929.957	525.149	1458.672	594.124
3	0.03000	524.070	1115.617	1255.569	421.628	1086.570	1263.417	423.417	1337.304	1232.266	487.516	1352.585	1129.421	659.568	1154.160	1054.655	253.478	1410.094	1078.450	656.649	1037.924	738.406	97.088	1215.830	800.627	582.681	872.483	865.220	226.580	1047.994	897.971	569.779	936.500	1483.437	326.226	1008.117	774.613	727.883	712.570	929.670	525.238	1458.607	594.010
4	0.04000	524.127	1115.550	1255.396	421.694	1086.530	1263.285	423.543	1337.291	1232.299	487.539	1352.623	1129.420	659.557	1154.180	1054.586	253.520	1410.172	1078.436	656.668	1038.093	738.276	97.086	1216.113	800.478	582.690	872.613	864.999	226.486	1048.187	897.811	571.029	936.388	1482.705	325.996	1008.146	774.366	727.871	712.678	929.387	525.286	1458.594	593.936
5	0.05000	524.178	1115.473	1255.223	421.749	1086.486	1263.155	423.681	1337.281	1232.351	487.566	1352.657	1129.417	659.554	1154.198	1054.514	253.562	1410.247	1078.418	656.678	1038.255	738.155	97.090	1216.389	800.334	582.696	872.739	864.788	226.391	1048.370	897.673	572.332	936.357	1481.919	325.801	1008.162	774.051	727.845	712.783	929.109	525.296	1458.623	593.904
6	0.06000	524.222	1115.387	1255.053	421.792	1086.443	1263.030	423.829	1337.273	1232.418	487.596	1352.687	1129.413	659.558	1154.216	1054.439	253.607	1410.319	1078.397	656.679	1038.413	738.039	97.096	1216.656	800.200	582.699	872.862	864.585	226.297	1048.539	897.550	573.693	936.420	1481.092	325.654	1008.157	773.693	727.801	712.879	928.838	525.280	1458.672	593.907
7	0.07000	524.259	1115.298	1254.891	421.825	1086.401	1262.914	423.980	1337.265	1232.491	487.631	1352.710	1129.409	659.569	1154.234	1054.363	253.655	1410.390	1078.372	656.671	1038.566	737.918	97.095	1216.916	800.082	582.700	872.984	864.385	226.212	1048.696	897.431	575.109	936.577	1480.249	325.556	1008.137	773.334	727.741	712.965	928.570	525.254	1458.726	593.928
8	0.08000	524.294	1115.211	1254.743	421.853	1086.362	1262.809	424.125	1337.256	1232.561	487.669	1352.729	1129.403	659.586	1154.255	1054.288	253.708	1410.462	1078.344	656.653	1038.719	737.786	97.082	1217.169	799.983	582.693	873.102	864.189	226.141	1048.845	897.305	576.575	936.827	1479.424	325.498	1008.111	773.011	727.669	713.038	928.299	525.230	1458.782	593.956
9	0.09000	524.330	1115.135	1254.614	421.886	1086.326	1262.717	424.255	1337.244	1232.618	487.710	1352.742	1129.395	659.604	1154.284	1054.222	253.766	1410.536	1078.316	656.628	1038.874	737.641	97.054	1217.416	799.905	582.675	873.213	863.996	226.091	1048.993	897.158	578.081	937.167	1478.644	325.466	1008.088	772.748	727.591	713.097	928.018	525.215	1458.838	593.981
10	0.10000	524.372	1115.072	1254.507	421.930	1086.293	1262.636	424.365	1337.232	1232.659	487.754	1352.754	1129.385	659.618	1154.328	1054.173	253.828	1410.612	1078.289	656.598	1039.032	737.485	97.014	1217.657	799.846	582.643	873.316	863.810	226.065	1049.149	896.986	579.614	937.600	1477.923	325.434	1008.075	772.554	727.512	713.146	927.722	525.215	1458.885	593.990
11	0.11000	524.419	1115.024	1254.423	421.986	1086.263	1262.568	424.455	1337.221	1232.684	487.800	1352.767	1129.372	659.626	1154.395	1054.151	253.893	1410.692	1078.264	656.566	1039.194	737.323	96.970	1217.892	799.799	582.598	873.412	863.629	226.064	1049.319	896.792	581.155	938.130	1477.254	325.371	1008.089	772.424	727.439	713.187	927.411	525.230	1458.912	593.976
12	0.12000	524.471	1114.990	1254.360	422.051	1086.240	1262.509	424.530	1337.213	1232.697	487.847	1352.784	1129.356	659.624	1154.486	1054.155	253.959	1410.774	1078.242	656.534	1039.357	737.162	96.932	1218.121	799.758	582.541	873.506	863.453	226.084	1049.508	896.589	582.683	938.762	1476.621	325.248	1008.146	772.344	727.379	713.229	927.091	525.258	1458.924	593.942
13	0.13000	524.524	1114.966	1254.313	422.117	1086.225	1262.456	424.596	1337.209	1232.703	487.897	1352.805	1129.336	659.620	1154.588	1054.169	254.026	1410.855	1078.224	656.505	1039.515	737.006	96.908	1218.345	799.715	582.476	873.600	863.280	226.115	1049.719	896.393	584.173	939.496	1476.010	325.053	1008.263	772.289	727.333	713.276	926.771	525.290	1458.933	593.902
14	0.14000	524.575	1114.948	1254.273	422.174	1086.219	1262.403	424.661	1337.211	1232.707	487.952	1352.828	1129.312	659.623	1154.680	1054.168	254.093	1410.933	1078.211	656.478	1039.663	736.858	96.902	1218.565	799.666	582.408	873.699	863.107	226.148	1049.945	896.217	585.598	940.329	1475.409	324.794	1008.439	772.237	727.300	713.330	926.461	525.319	1458.952	593.867
15	0.15000	524.620	1114.932	1254.234	422.219	1086.221	1262.346	424.733	1337.218	1232.713	488.012	1352.850	1129.283	659.639	1154.749	1054.137	254.160	1411.007	1078.202	656.456	1039.797	736.722	96.914	1218.782	799.610	582.339	873.802	862.935	226.176	1050.178	896.072	586.932	941.248	1474.819	324.510	1008.651	772.170	727.277	713.388	926.168	525.343	1458.978	593.837
16	0.16000	524.658	1114.915	1254.190	422.248	1086.227	1262.280	424.815	1337.229	1232.726	488.078	1352.868	1129.250	659.667	1154.792	1054.073	254.227	1411.077	1078.196	656.438	1039.915	736.600	96.940	1219.000	799.550	582.273	873.910	862.764	226.196	1050.407	895.965	588.151	942.234	1474.245	324.246	1008.856	772.078	727.256	713.445	925.896	525.360	1459.008	593.813
17	0.17000	524.691	1114.896	1254.137	422.267	1086.234	1262.205	424.909	1337.242	1232.749	488.151	1352.882	1129.215	659.702	1154.816	1053.987	254.296	1411.146	1078.193	656.425	1040.018	736.490	96.973	1219.216	799.492	582.211	874.025	862.592	226.209	1050.628	895.895	589.243	943.266	1473.697	324.033	1009.026	771.963	727.231	713.497	925.648	525.369	1459.042	593.797
18	0.18000	524.721	1114.873	1254.074	422.278	1086.240	1262.125	425.012	1337.256	1232.781	488.226	1352.895	1129.184	659.741	1154.830	1053.891	254.370	1411.219	1078.190	656.415	1040.108	736.392	97.007	1219.430	799.441	582.157	874.148	862.418	226.220	1050.840	895.859	590.200	944.325	1473.188	323.881	1009.152	771.833	727.197	713.542	925.423	525.370	1459.082	593.791
19	0.19000	524.750	1114.845	1254.002	422.286	1086.247	1262.046	425.120	1337.268	1232.821	488.302	1352.910	1129.159	659.778	1154.841	1053.795	254.450	1411.301	1078.187	656.408	1040.191	736.303	97.038	1219.638	799.402	582.110	874.283	862.244	226.234	1051.045	895.846	591.025	945.398	1472.732	323.782	1009.238	771.697	727.147	713.579	925.220	525.370	1459.117	593.786
20	0.20000	524.779	1114.813	1253.924	422.295	1086.252	1261.971	425.230	1337.278	1232.863	488.374	1352.929	1129.143	659.812	1154.854	1053.703	254.536	1411.396	1078.185	656.403	1040.270	736.220	97.063	1219.838	799.377	582.069	874.424	862.078	226.259	1051.246	895.847	591.729	946.473	1472.341	323.725	1009.291	771.564	727.079	713.609	925.036	525.375	1459.135	593.772
21	0.21000	524.806	1114.775	1253.839	422.305	1086.257	1261.901	425.341	1337.284	1232.905	488.444	1352.953	1129.133	659.844	1154.870	1053.618	254.627	1411.504	1078.183	656.399	1040.349	736.140	97.082	1220.026	799.363	582.031	874.564	861.930	226.298	1051.448	895.851	592.326	947.542	1472.021	323.701	1009.320	771.444	726.993	713.634	924.869	525.388	1459.126	593.740
22	0.22000	524.830	1114.731	1253.748	422.316	1086.261	1261.834	425.455	1337.286	1232.945	488.510	1352.982	1129.128	659.875	1154.891	1053.539	254.720	1411.621	1078.182	656.395	1040.430	736.061	97.099	1220.201	799.358	581.992	874.694	861.808	226.351	1051.653	895.852	592.827	948.590	1471.776	323.706	1009.337	771.343	726.890	713.653	924.716	525.412	1459.088	593.688
23	0.23000	524.847	1114.680	1253.649	422.323	1086.263	1261.767	425.575	1337.286	1232.983	488.576	1353.014	1129.124	659.906	1154.920	1053.465	254.811	1411.742	1078.180	656.390	1040.515	735.982	97.118	1220.363	799.354	581.949	874.811	861.712	226.417	1051.860	895.845	593.243	949.603	1471.601	323.734	1009.357	771.262	726.775	713.668	924.573	525.441	1459.032	593.620
24	0.24000	524.857	1114.621	1253.542	422.323	1086.264	1261.699	425.703	1337.286	1233.021	488.641	1353.050	1129.117	659.938	1154.960	1053.397	254.900	1411.860	1078.177	656.381	1040.607	735.900	97.142	1220.515	799.348	581.898	874.915	861.638	226.490	1052.068	895.832	593.577	950.570	1471.483	323.783	1009.396	771.197	726.653	713.680	924.430	525.468	1458.977	593.553
25	0.25000	524.861	1114.556	1253.425	422.316	1086.263	1261.627	425.838	1337.286	1233.058	488.706	1353.088	1129.108	659.971	1155.012	1053.332	254.983	1411.972	1078.175	656.366	1040.706	735.815	97.174	1220.659	799.337	581.836	875.012	861.580	226.568	1052.273	895.816	593.829	951.477	1471.408	323.847	1009.465	771.136	726.527	713.693	924.282	525.488	1458.947	593.501
26	0.26000	524.862	1114.488	1253.302	422.305	1086.262	1261.550	425.977	1337.288	1233.093	488.768	1353.127	1129.097	660.007	1155.072	1053.267	255.060	1412.077	1078.174	656.342	1040.811	735.724	97.212	1220.799	799.320	581.762	875.109	861.531	226.647	1052.476	895.800	594.000	952.311	1471.361	323.920	1009.574	771.066	726.402	713.713	924.123	525.498	1458.951	593.472
27	0.27000	524.868	1114.428	1253.178	422.299	1086.260	1261.468	426.111	1337.292	1233.127	488.827	1353.169	1129.086	660.046	1155.133	1053.195	255.129	1412.176	1078.175	656.309	1040.917	735.630	97.256	1220.937	799.299	581.676	875.212	861.486	226.724	1052.677	895.786	594.092	953.063	1471.332	323.996	1009.728	770.977	726.282	713.743	923.955	525.497	1458.989	593.465
28	0.28000	524.887	1114.382	1253.061	422.309	1086.257	1261.386	426.233	1337.297	1233.156	488.881	1353.216	1129.080	660.090	1155.186	1053.106	255.190	1412.274	1078.178	656.269	1041.024	735.533	97.304	1221.071	799.273	581.581	875.324	861.441	226.798	1052.879	895.777	594.110	953.725	1471.311	324.073	1009.925	770.867	726.168	713.785	923.782	525.490	1459.053	593.475
29	0.29000	524.923	1114.356	1252.954	422.342	1086.251	1261.308	426.335	1337.304	1233.181	488.930	1353.272	1129.087	660.140	1155.217	1052.992	255.242	1412.370	1078.183	656.226	1041.129	735.435	97.353	1221.202	799.245	581.484	875.445	861.389	226.870	1053.080	895.771	594.066	954.302	1471.294	324.153	1010.153	770.742	726.060	713.836	923.610	525.480	1459.124	593.489
30	0.30000	524.978	1114.351	1252.859	422.400	1086.246	1261.236	426.414	1337.313	1233.200	488.977	1353.340	1129.115	660.194	1155.217	1052.843	255.287	1412.463	1078.186	656.182	1041.234	735.335	97.404	1221.331	799.214	581.389	875.570	861.326	226.942	1053.276	895.764	593.971	954.797	1471.279	324.247	1010.392	770.614	725.956	713.891	923.444	525.476	1459.183	593.493
31	0.31000	525.048	1114.366	1252.775	422.479	1086.243	1261.172	426.472	1337.325	1233.214	489.024	1353.427	1129.175	660.252	1155.181	1052.662	255.328	1412.545	1078.185	656.139	1041.339	735.234	97.453	1221.457	799.181	581.300	875.695	861.249	227.017	1053.459	895.749	593.846	955.218	1471.267	324.360	1010.621	770.494	725.854	713.948	923.284	525.481	1459.218	593.476
32	0.32000	525.126	1114.396	1252.697	422.572	1086.245	1261.115	426.516	1337.339	1233.226	489.071	1353.534	1129.266	660.308	1155.126	1052.468	255.367	1412.607	1078.179	656.097	1041.448	735.129	97.501	1221.579	799.145	581.220	875.814	861.157	227.094	1053.626	895.721	593.708	955.571	1471.254	324.492	1010.833	770.386	725.755	714.004	923.132	525.499	1459.229	593.439
33	0.33000	525.205	1114.434	1252.623	422.668	1086.253	1261.064	426.550	1337.356	1233.236	489.116	1353.648	1129.372	660.354	1155.076	1052.289	255.405	1412.654	1078.166	656.055	1041.561	735.023	97.549	1221.698	799.104	581.151	875.929	861.051	227.174	1053.775	895.673	593.577	955.861	1471.236	324.633	1011.025	770.288	725.661	714.061	922.982	525.527	1459.225	593.389
34	0.34000	525.277	1114.472	1252.552	422.756	1086.264	1261.019	426.583	1337.377	1233.248	489.156	1353.754	1129.465	660.387	1155.048	1052.145	255.440	1412.695	1078.144	656.012	1041.677	734.916	97.594	1221.814	799.057	581.093	876.041	860.938	227.253	1053.912	895.604	593.465	956.087	1471.206	324.774	1011.202	770.194	725.574	714.119	922.833	525.566	1459.212	593.333
35	0.35000	525.335	1114.503	1252.484	422.827	1086.278	1260.977	426.619	1337.401	1233.262	489.189	1353.838	1129.526	660.410	1155.049	1052.036	255.469	1412.741	1078.113	655.965	1041.793	734.812	97.638	1221.926	799.000	581.043	876.149	860.824	227.327	1054.042	895.518	593.383	956.249	1471.159	324.905	1011.368	770.100	725.497	714.180	922.679	525.617	1459.186	593.269
36	0.36000	525.377	1114.521	1252.420	422.878	1086.294	1260.934	426.662	1337.428	1233.281	489.215	1353.901	1129.553	660.430	1155.074	1051.954	255.493	1412.795	1078.073	655.915	1041.907	734.711	97.678	1222.038	798.933	580.998	876.254	860.712	227.389	1054.169	895.418	593.332	956.344	1471.092	325.017	1011.529	769.998	725.433	714.245	922.518	525.680	1459.146	593.197
37	0.37000	525.403	1114.525	1252.360	422.909	1086.311	1260.889	426.712	1337.453	1233.303	489.236	1353.949	1129.555	660.451	1155.118	1051.889	255.510	1412.852	1078.028	655.860	1042.016	734.613	97.717	1222.151	798.856	580.953	876.354	860.604	227.437	1054.296	895.313	593.316	956.373	1471.000	325.107	1011.688	769.881	725.380	714.314	922.347	525.749	1459.105	593.125
38	0.38000	525.415	1114.517	1252.302	422.920	1086.325	1260.840	426.767	1337.475	1233.326	489.253	1353.988	1129.543	660.476	1155.176	1051.830	255.522	1412.907	1077.980	655.801	1042.121	734.515	97.754	1222.266	798.769	580.907	876.454	860.495	227.468	1054.420	895.204	593.335	956.336	1470.876	325.168	1011.851	769.745	725.339	714.387	922.166	525.812	1459.078	593.066
39	0.39000	525.416	1114.499	1252.244	422.916	1086.334	1260.787	426.823	1337.490	1233.350	489.266	1354.023	1129.525	660.504	1155.244	1051.773	255.529	1412.956	1077.930	655.742	1042.228	734.418	97.791	1222.385	798.675	580.859	876.556	860.384	227.485	1054.537	895.093	593.393	956.235	1470.713	325.198	1012.025	769.588	725.305	714.462	921.971	525.864	1459.067	593.020
40	0.40000	525.407	1114.474	1252.180	422.901	1086.335	1260.730	426.876	1337.500	1233.373	489.276	1354.057	1129.507	660.534	1155.317	1051.715	255.533	1413.001	1077.882	655.687	1042.342	734.321	97.827	1222.510	798.575	580.813	876.664	860.269	227.490	1054.645	894.977	593.492	956.073	1470.510	325.197	1012.213	769.409	725.278	714.542	921.760	525.911	1459.052	592.973
41	0.41000	525.391	1114.444	1252.110	422.878	1086.326	1260.667	426.923	1337.504	1233.394	489.284	1354.091	1129.491	660.563	1155.390	1051.655	255.534	1413.044	1077.836	655.640	1042.469	734.221	97.861	1222.642	798.472	580.769	876.780	860.149	227.486	1054.743	894.855	593.634	955.850	1470.265	325.169	1012.403	769.214	725.253	714.626	921.529	525.957	1459.024	592.916
42	0.42000	525.369	1114.410	1252.030	422.849	1086.309	1260.595	426.965	1337.504	1233.415	489.290	1354.124	1129.479	660.590	1155.459	1051.595	255.534	1413.089	1077.795	655.602	1042.613	734.115	97.889	1222.780	798.368	580.731	876.905	860.025	227.479	1054.834	894.725	593.818	955.572	1469.982	325.123	1012.578	769.010	725.230	714.717	921.281	525.995	1458.993	592.862
43	0.43000	525.341	1114.370	1251.938	422.813	1086.285	1260.512	427.002	1337.500	1233.437	489.295	1354.157	1129.469	660.614	1155.520	1051.535	255.535	1413.138	1077.757	655.576	1042.779	734.000	97.912	1222.920	798.265	580.700	877.041	859.895	227.473	1054.915	894.583	594.039	955.244	1469.669	325.066	1012.723	768.806	725.207	714.813	921.023	526.013	1458.980	592.831
44	0.44000	525.306	1114.325	1251.837	422.770	1086.255	1260.416	427.036	1337.492	1233.462	489.301	1354.188	1129.461	660.633	1155.573	1051.476	255.538	1413.190	1077.722	655.563	1042.963	733.878	97.930	1223.060	798.160	580.679	877.187	859.757	227.472	1054.983	894.427	594.288	954.870	1469.331	325.003	1012.834	768.606	725.185	714.912	920.767	526.007	1458.998	592.829
45	0.45000	525.264	1114.274	1251.728	422.718	1086.219	1260.310	427.068	1337.480	1233.492	489.307	1354.217	1129.453	660.648	1155.623	1051.419	255.545	1413.243	1077.690	655.560	1043.158	733.749	97.944	1223.200	798.052	580.668	877.339	859.611	227.478	1055.039	894.258	594.557	954.452	1468.970	324.935	1012.923	768.408	725.166	715.010	920.520	525.984	1459.045	592.851
46	0.46000	525.213	1114.215	1251.616	422.659	1086.175	1260.199	427.100	1337.466	1233.526	489.313	1354.244	1129.441	660.656	1155.677	1051.368	255.554	1413.295	1077.661	655.567	1043.354	733.617	97.956	1223.340	797.941	580.668	877.492	859.456	227.487	1055.083	894.078	594.841	953.989	1468.586	324.863	1013.009	768.212	725.151	715.106	920.285	525.959	1459.100	592.875
47	0.47000	525.154	1114.150	1251.507	422.591	1086.126	1260.086	427.131	1337.449	1233.564	489.318	1354.266	1129.423	660.654	1155.744	1051.330	255.566	1413.346	1077.632	655.582	1043.545	733.485	97.964	1223.483	797.832	580.675	877.641	859.293	227.497	1055.120	893.888	595.142	953.473	1468.175	324.787	1013.113	768.012	725.141	715.201	920.059	525.949	1459.132	592.877
48	0.48000	525.087	1114.079	1251.403	422.512	1086.073	1259.974	427.163	1337.429	1233.601	489.322	1354.280	1129.396	660.640	1155.832	1051.312	255.579	1413.394	1077.604	655.602	1043.722	733.356	97.969	1223.627	797.731	580.688	877.776	859.128	227.503	1055.157	893.690	595.463	952.898	1467.735	324.708	1013.256	767.803	725.138	715.293	919.841	525.967	1459.120	592.837
49	0.49000	525.010	1114.002	1251.309	422.422	1086.017	1259.864	427.198	1337.406	1233.636	489.324	1354.282	1129.360	660.609	1155.950	1051.322	255.594	1413.439	1077.577	655.626	1043.882	733.234	97.969	1223.773	797.639	580.707	877.893	858.968	227.502	1055.196	893.486	595.812	952.264	1467.270	324.628	1013.445	767.582	725.144	715.385	919.629	526.014	1459.063	592.758
50	0.50000	524.924	1113.916	1251.222	422.320	1085.963	1259.756	427.240	1337.379	1233.666	489.324	1354.271	1129.317	660.560	1156.094	1051.360	255.609	1413.480	1077.549	655.651	1044.022	733.119	97.964	1223.922	797.557	580.731	877.989	858.818	227.495	1055.237	893.278	596.193	951.571	1466.787	324.548	1013.675	767.349	725.163	715.475	919.423	526.076	1458.985	592.657
51	0.51000	524.827	1113.819	1251.141	422.205	1085.912	1259.650	427.292	1337.348	1233.691	489.322	1354.256	1129.275	660.501	1156.247	1051.406	255.626	1413.519	1077.523	655.672	1044.146	733.007	97.955	1224.075	797.482	580.761	878.066	858.678	227.487	1055.283	893.071	596.604	950.828	1466.294	324.474	1013.929	767.115	725.195	715.564	919.221	526.134	1458.919	592.567
52	0.52000	524.715	1113.706	1251.064	422.075	1085.861	1259.547	427.358	1337.310	1233.710	489.319	1354.247	1129.250	660.446	1156.385	1051.434	255.643	1413.552	1077.496	655.687	1044.258	732.897	97.944	1224.231	797.411	580.797	878.130	858.548	227.481	1055.335	892.868	597.031	950.040	1465.792	324.400	1014.192	766.885	725.240	715.652	919.020	526.167	1458.895	592.512
53	0.53000	524.587	1113.575	1250.992	421.930	1085.808	1259.447	427.444	1337.262	1233.723	489.317	1354.251	1129.252	660.404	1156.492	1051.424	255.661	1413.581	1077.470	655.696	1044.361	732.785	97.931	1224.392	797.341	580.838	878.185	858.426	227.479	1055.395	892.671	597.459	949.217	1465.278	324.321	1014.459	766.661	725.297	715.741	918.814	526.169	1458.919	592.503
54	0.54000	524.442	1113.420	1250.923	421.770	1085.750	1259.354	427.548	1337.201	1233.728	489.315	1354.260	1129.269	660.377	1156.568	1051.374	255.680	1413.606	1077.444	655.697	1044.465	732.666	97.919	1224.557	797.269	580.881	878.237	858.307	227.479	1055.465	892.481	597.870	948.367	1464.747	324.225	1014.736	766.435	725.367	715.835	918.600	526.145	1458.978	592.529
55	0.55000	524.278	1113.241	1250.856	421.593	1085.684	1259.269	427.670	1337.127	1233.724	489.312	1354.265	1129.287	660.362	1156.620	1051.290	255.699	1413.627	1077.419	655.692	1044.576	732.534	97.905	1224.728	797.193	580.925	878.289	858.185	227.477	1055.544	892.293	598.255	947.497	1464.196	324.104	1015.036	766.200	725.451	715.935	918.376	526.114	1459.049	592.566
56	0.56000	524.099	1113.039	1250.788	421.403	1085.611	1259.191	427.804	1337.039	1233.708	489.309	1354.256	1129.294	660.355	1156.653	1051.181	255.721	1413.643	1077.393	655.681	1044.698	732.383	97.888	1224.908	797.109	580.965	878.343	858.056	227.469	1055.633	892.102	598.615	946.614	1463.621	323.958	1015.367	765.951	725.550	716.042	918.141	526.089	1459.116	592.595
57	0.57000	523.909	1112.816	1250.716	421.199	1085.530	1259.115	427.944	1336.940	1233.676	489.304	1354.231	1129.288	660.352	1156.670	1051.057	255.745	1413.652	1077.368	655.663	1044.833	732.208	97.864	1225.100	797.017	580.999	878.397	857.913	227.450	1055.729	891.900	598.957	945.719	1463.018	323.789	1015.727	765.690	725.663	716.153	917.893	526.077	1459.173	592.610
58	0.58000	523.715	1112.578	1250.635	420.987	1085.439	1259.036	428.082	1336.833	1233.629	489.298	1354.191	1129.272	660.351	1156.668	1050.921	255.773	1413.654	1077.343	655.641	1044.977	732.011	97.833	1225.305	796.919	581.026	878.450	857.755	227.420	1055.833	891.677	599.298	944.815	1462.383	323.602	1016.106	765.417	725.785	716.266	917.629	526.079	1459.212	592.605
59	0.59000	523.520	1112.330	1250.540	420.770	1085.338	1258.947	428.209	1336.719	1233.568	489.294	1354.134	1129.248	660.348	1156.642	1050.777	255.805	1413.649	1077.321	655.615	1045.121	731.798	97.792	1225.524	796.818	581.046	878.497	857.577	227.379	1055.939	891.423	599.656	943.903	1461.706	323.399	1016.494	765.125	725.908	716.378	917.346	526.100	1459.227	592.574
60	0.60000	523.326	1112.075	1250.431	420.550	1085.223	1258.847	428.321	1336.599	1233.500	489.292	1354.062	1129.222	660.341	1156.591	1050.628	255.841	1413.638	1077.307	655.587	1045.260	731.576	97.744	1225.755	796.717	581.061	878.539	857.377	227.332	1056.043	891.132	600.051	942.984	1460.979	323.178	1016.881	764.805	726.024	716.482	917.042	526.141	1459.215	592.512
61	0.61000	523.135	1111.814	1250.311	420.329	1085.093	1258.739	428.422	1336.471	1233.431	489.296	1353.974	1129.196	660.329	1156.514	1050.476	255.882	1413.621	1077.301	655.554	1045.390	731.354	97.691	1225.999	796.618	581.073	878.576	857.157	227.283	1056.139	890.803	600.497	942.065	1460.188	322.934	1017.258	764.447	726.124	716.576	916.712	526.195	1459.188	592.431
62	0.62000	522.946	1111.544	1250.186	420.106	1084.949	1258.624	428.517	1336.330	1233.367	489.303	1353.873	1129.173	660.312	1156.414	1050.322	255.927	1413.597	1077.306	655.518	1045.511	731.137	97.637	1226.253	796.519	581.082	878.605	856.919	227.232	1056.227	890.443	601.000	941.156	1459.323	322.663	1017.613	764.049	726.202	716.656	916.352	526.244	1459.166	592.353
63	0.63000	522.756	1111.263	1250.063	419.878	1084.790	1258.502	428.610	1336.173	1233.311	489.312	1353.761	1129.153	660.290	1156.296	1050.165	255.976	1413.566	1077.323	655.479	1045.630	730.929	97.582	1226.517	796.419	581.085	878.624	856.674	227.179	1056.312	890.065	601.562	940.265	1458.376	322.355	1017.937	763.606	726.253	716.720	915.955	526.279	1459.166	592.293
64	0.64000	522.564	1110.965	1249.951	419.648	1084.616	1258.373	428.707	1335.996	1233.263	489.324	1353.638	1129.137	660.264	1156.164	1050.002	256.026	1413.524	1077.352	655.437	1045.753	730.727	97.525	1226.790	796.319	581.075	878.629	856.427	227.120	1056.403	889.688	602.182	939.396	1457.344	322.007	1018.231	763.114	726.276	716.766	915.513	526.299	1459.185	592.253
65	0.65000	522.371	1110.646	1249.851	419.419	1084.423	1258.239	428.805	1335.799	1233.222	489.339	1353.502	1129.123	660.235	1156.024	1049.835	256.080	1413.471	1077.394	655.395	1045.888	730.524	97.462	1227.072	796.224	581.045	878.618	856.185	227.053	1056.509	889.322	602.862	938.545	1456.230	321.618	1018.498	762.573	726.272	716.795	915.017	526.315	1459.203	592.218
66	0.66000	522.177	1110.307	1249.759	419.197	1084.212	1258.100	428.902	1335.583	1233.185	489.359	1353.353	1129.114	660.204	1155.879	1049.663	256.137	1413.408	1077.451	655.351	1046.040	730.310	97.390	1227.361	796.139	580.984	878.595	855.944	226.980	1056.635	888.969	603.605	937.699	1455.045	321.197	1018.743	761.988	726.241	716.807	914.463	526.333	1459.208	592.178
67	0.67000	521.985	1109.948	1249.667	418.983	1083.982	1257.961	428.998	1335.352	1233.147	489.385	1353.188	1129.110	660.172	1155.729	1049.493	256.201	1413.336	1077.523	655.301	1046.211	730.080	97.305	1227.654	796.071	580.886	878.564	855.697	226.903	1056.776	888.626	604.425	936.850	1453.797	320.754	1018.979	761.375	726.184	716.804	913.852	526.349	1459.208	592.140
68	0.68000	521.797	1109.573	1249.566	418.778	1083.739	1257.824	429.094	1335.109	1233.102	489.420	1353.007	1129.114	660.141	1155.572	1049.328	256.274	1413.258	1077.613	655.242	1046.395	729.832	97.206	1227.951	796.025	580.753	878.530	855.435	226.824	1056.922	888.282	605.335	935.994	1452.495	320.300	1019.222	760.753	726.095	716.785	913.191	526.354	1459.227	592.118
69	0.69000	521.615	1109.182	1249.450	418.579	1083.485	1257.693	429.196	1334.858	1233.047	489.463	1352.811	1129.125	660.112	1155.403	1049.174	256.358	1413.174	1077.722	655.170	1046.585	729.571	97.093	1228.248	796.001	580.586	878.497	855.151	226.745	1057.067	887.931	606.348	935.137	1451.146	319.844	1019.483	760.143	725.972	716.750	912.492	526.345	1459.272	592.121
70	0.70000	521.438	1108.772	1249.315	418.384	1083.223	1257.567	429.313	1334.599	1232.984	489.514	1352.597	1129.142	660.085	1155.219	1049.031	256.452	1413.086	1077.849	655.083	1046.771	729.301	96.967	1228.543	795.999	580.393	878.466	854.841	226.664	1057.204	887.569	607.469	934.287	1449.747	319.388	1019.766	759.549	725.811	716.698	911.766	526.327	1459.332	592.137
71	0.71000	521.263	1108.343	1249.161	418.188	1082.953	1257.446	429.450	1334.333	1232.917	489.574	1352.362	1129.162	660.060	1155.018	1048.896	256.552	1412.991	1077.991	654.980	1046.944	729.025	96.830	1228.834	796.014	580.178	878.445	854.499	226.577	1057.333	887.197	608.697	933.451	1448.291	318.929	1020.074	758.963	725.614	716.629	911.020	526.309	1459.390	592.158
72	0.72000	521.090	1107.895	1248.992	417.987	1082.672	1257.326	429.612	1334.057	1232.855	489.643	1352.103	1129.186	660.035	1154.799	1048.763	256.655	1412.887	1078.147	654.858	1047.106	728.740	96.681	1229.119	796.045	579.946	878.445	854.111	226.483	1057.451	886.817	610.028	932.638	1446.770	318.460	1020.400	758.370	725.383	716.542	910.255	526.289	1459.449	592.187
73	0.73000	520.914	1107.427	1248.815	417.775	1082.380	1257.204	429.798	1333.769	1232.800	489.721	1351.818	1129.211	660.012	1154.563	1048.625	256.760	1412.766	1078.315	654.718	1047.258	728.439	96.519	1229.397	796.093	579.699	878.498	853.641	226.382	1057.562	886.437	611.454	931.858	1445.176	317.979	1020.729	757.756	725.121	716.437	909.470	526.261	1459.513	592.229
74	0.74000	520.734	1106.940	1248.638	417.550	1082.078	1257.078	430.009	1333.469	1232.756	489.809	1351.510	1129.237	659.989	1154.310	1048.477	256.870	1412.617	1078.493	654.555	1047.406	728.119	96.342	1229.666	796.161	579.440	878.649	853.034	226.274	1057.666	886.066	612.963	931.118	1443.506	317.483	1021.042	757.110	724.835	716.315	908.661	526.230	1459.577	592.278
75	0.75000	520.545	1106.434	1248.468	417.310	1081.766	1256.951	430.246	1333.156	1232.722	489.905	1351.185	1129.265	659.971	1154.040	1048.314	256.991	1412.431	1078.679	654.370	1047.554	727.780	96.150	1229.929	796.253	579.172	878.943	852.238	226.161	1057.764	885.709	614.541	930.425	1441.763	316.974	1021.317	756.423	724.532	716.177	907.827	526.202	1459.627	592.322
76	0.76000	520.345	1105.910	1248.307	417.056	1081.448	1256.827	430.506	1332.830	1232.699	490.005	1350.850	1129.294	659.960	1153.752	1048.139	257.127	1412.207	1078.875	654.158	1047.698	727.430	95.946	1230.182	796.373	578.901	879.383	851.253	226.042	1057.852	885.370	616.170	929.779	1439.950	316.448	1021.540	755.692	724.217	716.027	906.968	526.181	1459.652	592.355
77	0.77000	520.133	1105.368	1248.156	416.790	1081.123	1256.707	430.791	1332.491	1232.685	490.109	1350.510	1129.323	659.957	1153.441	1047.954	257.277	1411.960	1079.083	653.919	1047.835	727.080	95.733	1230.429	796.521	578.628	879.898	850.166	225.919	1057.925	885.041	617.835	929.179	1438.077	315.901	1021.704	754.922	723.894	715.866	906.077	526.166	1459.653	592.381
78	0.78000	519.911	1104.808	1248.011	416.517	1080.796	1256.593	431.098	1332.138	1232.678	490.220	1350.164	1129.353	659.961	1153.107	1047.767	257.442	1411.702	1079.308	653.651	1047.963	726.739	95.514	1230.670	796.698	578.352	880.369	849.114	225.790	1057.978	884.712	619.528	928.614	1436.154	315.327	1021.806	754.121	723.563	715.698	905.146	526.150	1459.637	592.406
79	0.79000	519.686	1104.230	1247.869	416.243	1080.467	1256.483	431.426	1331.772	1232.671	490.343	1349.808	1129.389	659.971	1152.748	1047.586	257.621	1411.439	1079.552	653.356	1048.086	726.410	95.290	1230.910	796.901	578.066	880.716	848.192	225.658	1058.011	884.368	621.240	928.074	1434.191	314.727	1021.842	753.299	723.225	715.525	904.170	526.126	1459.616	592.443
80	0.80000	519.468	1103.639	1247.731	415.972	1080.136	1256.380	431.773	1331.394	1232.660	490.480	1349.437	1129.435	659.984	1152.362	1047.419	257.815	1411.169	1079.819	653.036	1048.214	726.089	95.062	1231.157	797.128	577.758	880.935	847.407	225.522	1058.026	883.996	622.969	927.543	1432.193	314.110	1021.808	752.460	722.877	715.347	903.147	526.088	1459.600	592.496
81	0.81000	519.270	1103.045	1247.596	415.706	1079.800	1256.286	432.139	1331.007	1232.643	490.632	1349.047	1129.495	659.996	1151.944	1047.272	258.027	1410.882	1080.115	652.693	1048.360	725.764	94.830	1231.422	797.382	577.417	881.066	846.723	225.383	1058.025	883.583	624.706	927.013	1430.167	313.485	1021.703	751.604	722.516	715.161	902.078	526.041	1459.587	592.561
82	0.82000	519.105	1102.461	1247.468	415.443	1079.457	1256.201	432.525	1330.615	1232.626	490.798	1348.635	1129.571	660.006	1151.488	1047.147	258.258	1410.571	1080.447	652.329	1048.534	725.428	94.594	1231.712	797.668	577.038	881.151	846.097	225.241	1058.012	883.121	626.445	926.477	1428.121	312.855	1021.535	750.729	722.142	714.969	900.970	525.997	1459.571	592.624
83	0.83000	518.978	1101.894	1247.350	415.183	1079.105	1256.129	432.934	1330.223	1232.618	490.978	1348.201	1129.660	660.009	1150.991	1047.043	258.511	1410.236	1080.822	651.948	1048.738	725.078	94.350	1232.031	797.994	576.624	881.218	845.502	225.100	1057.986	882.605	628.173	925.932	1426.062	312.219	1021.318	749.828	721.753	714.775	899.831	525.960	1459.550	592.683
84	0.84000	518.879	1101.338	1247.243	414.927	1078.744	1256.068	433.367	1329.832	1232.625	491.169	1347.745	1129.759	660.004	1150.452	1046.956	258.787	1409.882	1081.247	651.551	1048.968	724.719	94.091	1232.366	798.368	576.182	881.281	844.918	224.964	1057.949	882.035	629.872	925.379	1423.996	311.572	1021.068	748.890	721.350	714.584	898.667	525.923	1459.531	592.748
85	0.85000	518.788	1100.778	1247.153	414.679	1078.377	1256.023	433.818	1329.439	1232.649	491.374	1347.266	1129.866	659.991	1149.871	1046.879	259.093	1409.512	1081.722	651.140	1049.211	724.361	93.803	1232.686	798.793	575.720	881.349	844.325	224.840	1057.905	881.420	631.516	924.824	1421.928	310.915	1020.794	747.904	720.929	714.401	897.484	525.873	1459.522	592.838
86	0.86000	518.678	1100.190	1247.082	414.448	1078.008	1255.996	434.278	1329.039	1232.686	491.595	1346.762	1129.979	659.967	1149.251	1046.804	259.431	1409.131	1082.242	650.712	1049.455	724.007	93.465	1232.939	799.267	575.244	881.428	843.706	224.730	1057.866	880.778	633.081	924.267	1419.853	310.255	1020.501	746.866	720.483	714.222	896.286	525.805	1459.527	592.960
87	0.87000	518.529	1099.553	1247.032	414.244	1077.637	1255.991	434.732	1328.627	1232.726	491.831	1346.232	1130.095	659.935	1148.592	1046.724	259.804	1408.746	1082.800	650.265	1049.700	723.655	93.050	1233.066	799.788	574.753	881.520	843.059	224.634	1057.845	880.136	634.543	923.697	1417.762	309.598	1020.190	745.783	720.000	714.044	895.071	525.720	1459.541	593.106
88	0.88000	518.335	1098.861	1247.006	414.075	1077.263	1256.009	435.171	1328.201	1232.760	492.080	1345.680	1130.212	659.897	1147.895	1046.634	260.207	1408.363	1083.390	649.796	1049.948	723.296	92.538	1233.019	800.354	574.239	881.625	842.392	224.552	1057.849	879.523	635.888	923.093	1415.635	308.952	1019.855	744.667	719.474	713.860	893.834	525.626	1459.551	593.265
89	0.89000	518.112	1098.122	1247.001	413.943	1076.887	1256.055	435.592	1327.762	1232.788	492.339	1345.111	1130.325	659.852	1147.161	1046.534	260.634	1407.982	1084.009	649.305	1050.203	722.923	91.933	1232.803	800.969	573.688	881.740	841.720	224.478	1057.878	878.962	637.121	922.440	1413.463	308.321	1019.493	743.534	718.901	713.667	892.566	525.534	1459.536	593.421
90	0.90000	517.882	1097.358	1247.017	413.848	1076.510	1256.128	436.003	1327.315	1232.814	492.605	1344.524	1130.437	659.802	1146.392	1046.423	261.075	1407.598	1084.648	648.790	1050.465	722.532	91.282	1232.515	801.635	573.088	881.860	841.054	224.407	1057.931	878.463	638.260	921.729	1411.246	307.705	1019.114	742.400	718.285	713.463	891.259	525.456	1459.477	593.559
91	0.91000	517.659	1096.586	1247.055	413.788	1076.134	1256.232	436.416	1326.867	1232.837	492.876	1343.920	1130.550	659.746	1145.593	1046.304	261.525	1407.203	1085.298	648.250	1050.725	722.127	90.659	1232.305	802.349	572.433	881.975	840.389	224.332	1058.001	878.019	639.333	920.958	1408.999	307.108	1018.754	741.274	717.630	713.246	889.908	525.403	1459.356	593.672
92	0.92000	517.453	1095.822	1247.116	413.753	1075.758	1256.370	436.843	1326.422	1232.853	493.152	1343.298	1130.668	659.685	1144.772	1046.178	261.980	1406.795	1085.947	647.681	1050.976	721.711	90.122	1232.300	803.105	571.730	882.077	839.714	224.247	1058.082	877.617	640.382	920.125	1406.744	306.533	1018.478	740.153	716.939	713.015	888.517	525.384	1459.169	593.762
93	0.93000	517.288	1095.087	1247.201	413.732	1075.378	1256.550	437.289	1325.978	1232.854	493.432	1342.660	1130.791	659.619	1143.932	1046.045	262.444	1406.369	1086.589	647.086	1051.212	721.277	89.699	1232.556	803.898	570.988	882.160	839.018	224.145	1058.160	877.241	641.451	919.231	1404.505	305.986	1018.373	739.024	716.213	712.765	887.094	525.407	1458.918	593.830
94	0.94000	517.194	1094.406	1247.306	413.717	1074.992	1256.773	437.755	1325.528	1232.833	493.718	1342.005	1130.916	659.551	1143.069	1045.899	262.921	1405.932	1087.233	646.468	1051.433	720.817	89.393	1233.081	804.723	570.216	882.227	838.292	224.019	1058.221	876.878	642.587	918.282	1402.306	305.469	1018.515	737.879	715.449	712.487	885.649	525.474	1458.604	593.868
95	0.95000	517.187	1093.784	1247.430	413.702	1074.595	1257.037	438.236	1325.064	1232.785	494.014	1341.328	1131.041	659.483	1142.181	1045.738	263.414	1405.494	1087.893	645.834	1051.634	720.324	89.183	1233.824	805.579	569.423	882.273	837.534	223.861	1058.247	876.517	643.827	917.278	1400.160	304.974	1018.932	736.723	714.640	712.173	884.193	525.577	1458.240	593.875
96	0.96000	517.257	1093.208	1247.574	413.687	1074.188	1257.336	438.725	1324.580	1232.713	494.326	1340.627	1131.162	659.414	1141.265	1045.560	263.923	1405.054	1088.577	645.189	1051.807	719.805	89.010	1234.662	806.460	568.614	882.281	836.748	223.665	1058.226	876.155	645.187	916.223	1398.070	304.483	1019.599	735.570	713.785	711.816	882.738	525.685	1457.868	593.872
97	0.97000	517.377	1092.654	1247.740	413.675	1073.769	1257.666	439.217	1324.072	1232.621	494.653	1339.901	1131.279	659.347	1140.328	1045.365	264.449	1404.603	1089.287	644.541	1051.937	719.277	88.803	1235.434	807.365	567.795	882.231	835.943	223.432	1058.150	875.794	646.661	915.117	1396.030	303.969	1020.456	734.438	712.881	711.412	881.295	525.749	1457.552	593.909
98	0.98000	517.520	1092.099	1247.931	413.670	1073.341	1258.021	439.710	1323.545	1232.514	494.996	1339.148	1131.390	659.280	1139.378	1045.159	264.989	1404.133	1090.022	643.899	1052.013	718.764	88.517	1236.039	808.293	566.968	882.120	835.121	223.164	1058.023	875.446	648.216	913.961	1394.026	303.400	1021.381	733.380	711.930	710.962	879.878	525.725	1457.355	594.038
99	0.99000	517.665	1091.523	1248.146	413.675	1072.906	1258.398	440.208	1323.003	1232.395	495.354	1338.365	1131.499	659.216	1138.423	1044.944	265.543	1403.640	1090.782	643.273	1052.031	718.282	88.151	1236.460	809.245	566.137	881.955	834.278	222.870	1057.854	875.131	649.803	912.755	1392.044	302.748	1022.190	732.481	710.931	710.467	878.504	525.603	1457.296	594.275
100	1.00000	517.800	1090.918	1248.383	413.694	1072.468	1258.794	440.719	1322.449	1232.266	495.723	1337.554	1131.608	659.154	1137.463	1044.721	266.112	1403.129	1091.561	642.670	1051.994	717.832	87.726	1236.731	810.222	565.304	881.743	833.420	222.557	1057.656	874.874	651.373	911.496	1390.074	302.008	1022.733	731.810	709.889	709.927	877.184	525.418	1457.330	594.589
101	1.01000	517.921	1090.288	1248.643	413.732	1072.032	1259.206	441.248	1321.883	1232.127	496.096	1336.715	1131.720	659.093	1136.496	1044.488	266.698	1402.609	1092.350	642.089	1051.913	717.400	87.263	1236.898	811.226	564.467	881.479	832.562	222.230	1057.438	874.695	652.890	910.184	1388.118	301.177	1022.989	731.371	708.810	709.341	875.916	525.224	1457.382	594.919
102	1.02000	518.033	1089.646	1248.929	413.792	1071.604	1259.631	441.796	1321.300	1231.970	496.468	1335.854	1131.838	659.036	1135.520	1044.243	267.304	1402.087	1093.140	641.525	1051.797	716.963	86.777	1237.000	812.263	563.619	881.159	831.714	221.895	1057.208	874.604	654.339	908.815	1386.187	300.242	1023.053	731.123	707.700	708.704	874.680	525.068	1457.383	595.212
103	1.03000	518.140	1089.000	1249.242	413.880	1071.189	1260.071	442.361	1320.698	1231.791	496.837	1334.972	1131.961	658.983	1134.535	1043.986	267.929	1401.567	1093.925	640.968	1051.657	716.505	86.275	1237.062	813.341	562.754	880.790	830.875	221.553	1056.968	874.599	655.729	907.387	1384.295	299.220	1023.014	731.012	706.564	708.014	873.437	524.970	1457.302	595.441
104	1.04000	518.247	1088.359	1249.586	414.002	1070.794	1260.534	442.940	1320.085	1231.584	497.198	1334.072	1132.088	658.939	1133.548	1043.724	268.575	1401.046	1094.708	640.415	1051.493	716.024	85.759	1237.095	814.464	561.868	880.378	830.048	221.203	1056.715	874.667	657.085	905.903	1382.456	298.167	1022.900	730.996	705.405	707.268	872.140	524.930	1457.147	595.608
105	1.05000	518.362	1087.727	1249.958	414.158	1070.421	1261.027	443.526	1319.474	1231.355	497.551	1333.152	1132.219	658.905	1132.561	1043.462	269.238	1400.515	1095.491	639.868	1051.302	715.530	85.228	1237.106	815.634	560.964	879.920	829.238	220.841	1056.450	874.790	658.441	904.367	1380.678	297.135	1022.723	731.042	704.221	706.469	870.747	524.930	1456.952	595.732
106	1.06000	518.492	1087.108	1250.358	414.345	1070.067	1261.561	444.117	1318.882	1231.113	497.897	1332.209	1132.349	658.875	1131.570	1043.206	269.904	1399.962	1096.281	639.333	1051.076	715.037	84.680	1237.094	816.846	560.048	879.410	828.446	220.460	1056.173	874.954	659.826	902.794	1378.966	296.150	1022.516	731.126	703.015	705.629	869.249	524.950	1456.760	595.839
107	1.07000	518.644	1086.499	1250.773	414.553	1069.723	1262.142	444.704	1318.317	1230.868	498.236	1331.242	1132.476	658.840	1130.563	1042.960	270.554	1399.379	1097.088	638.818	1050.813	714.556	84.112	1237.055	818.093	559.128	878.848	827.668	220.052	1055.881	875.152	661.261	901.200	1377.317	295.215	1022.312	731.233	701.796	704.771	867.686	524.969	1456.605	595.952
108	1.08000	518.826	1085.900	1251.193	414.777	1069.382	1262.764	445.280	1317.773	1230.625	498.569	1330.247	1132.599	658.790	1129.530	1042.725	271.173	1398.759	1097.920	638.329	1050.518	714.097	83.522	1236.985	819.370	558.211	878.245	826.892	219.614	1055.573	875.382	662.746	899.611	1375.721	294.313	1022.132	731.356	700.578	703.916	866.131	524.968	1456.502	596.088
109	1.09000	519.044	1085.310	1251.607	415.023	1069.038	1263.420	445.835	1317.241	1230.382	498.894	1329.227	1132.720	658.715	1128.463	1042.506	271.756	1398.098	1098.778	637.873	1050.200	713.666	82.914	1236.885	820.675	557.304	877.610	826.118	219.150	1055.244	875.655	664.261	898.050	1374.168	293.418	1021.978	731.493	699.372	703.076	864.641	524.937	1456.448	596.254
110	1.10000	519.300	1084.730	1252.015	415.298	1068.687	1264.103	446.365	1316.710	1230.139	499.207	1328.185	1132.844	658.610	1127.358	1042.309	272.306	1397.396	1099.658	637.449	1049.866	713.269	82.289	1236.752	822.007	556.412	876.942	825.355	218.665	1054.894	875.983	665.775	896.535	1372.650	292.491	1021.840	731.647	698.184	702.249	863.235	524.880	1456.416	596.443
111	1.11000	519.595	1084.166	1252.424	415.608	1068.328	1264.819	446.868	1316.177	1229.892	499.501	1327.125	1132.980	658.470	1126.214	1042.140	272.829	1396.654	1100.559	637.050	1049.522	712.908	81.653	1236.585	823.367	555.534	876.245	824.615	218.160	1054.522	876.381	667.258	895.073	1371.165	291.500	1021.695	731.826	697.013	701.433	861.899	524.812	1456.379	596.641
112	1.12000	519.928	1083.625	1252.847	415.954	1067.961	1265.572	447.347	1315.640	1229.643	499.769	1326.055	1133.132	658.296	1125.031	1042.003	273.333	1395.873	1101.482	636.666	1049.167	712.577	81.006	1236.385	824.761	554.664	875.529	823.908	217.631	1054.131	876.858	668.698	893.663	1369.707	290.427	1021.521	732.046	695.854	700.619	860.616	524.743	1456.320	596.840
113	1.13000	520.302	1083.110	1253.299	416.333	1067.586	1266.369	447.801	1315.101	1229.390	500.004	1324.979	1133.303	658.094	1123.816	1041.902	273.827	1395.047	1102.429	636.284	1048.801	712.271	80.346	1236.155	826.203	553.788	874.798	823.252	217.071	1053.723	877.415	670.104	892.292	1368.264	289.268	1021.294	732.321	694.692	699.795	859.370	524.675	1456.242	597.041
114	1.14000	520.714	1082.617	1253.788	416.744	1067.205	1267.208	448.232	1314.558	1229.138	500.196	1323.910	1133.495	657.875	1122.580	1041.836	274.318	1394.169	1103.406	635.897	1048.421	711.987	79.670	1235.903	827.707	552.893	874.038	822.672	216.471	1053.293	878.042	671.490	890.939	1366.813	288.032	1020.999	732.662	693.508	698.945	858.156	524.602	1456.156	597.247
115	1.15000	521.166	1082.138	1254.315	417.189	1066.813	1268.088	448.644	1314.010	1228.894	500.333	1322.855	1133.713	657.648	1121.336	1041.808	274.815	1393.229	1104.426	635.506	1048.024	711.732	78.975	1235.633	829.289	551.961	873.229	822.183	215.823	1052.837	878.726	672.865	889.579	1365.322	286.733	1020.633	733.074	692.276	698.059	856.978	524.515	1456.081	597.471
116	1.16000	521.656	1081.668	1254.871	417.680	1066.406	1269.007	449.036	1313.455	1228.663	500.408	1321.824	1133.962	657.426	1120.098	1041.819	275.322	1392.217	1105.505	635.118	1047.604	711.522	78.248	1235.352	830.962	550.977	872.357	821.790	215.116	1052.350	879.455	674.231	888.189	1363.773	285.372	1020.200	733.552	690.969	697.135	855.841	524.403	1456.032	597.725
117	1.17000	522.190	1081.204	1255.444	418.226	1065.981	1269.963	449.407	1312.892	1228.451	500.425	1320.808	1134.240	657.213	1118.877	1041.871	275.839	1391.124	1106.656	634.739	1047.156	711.377	77.466	1235.064	832.744	549.926	871.411	821.491	214.340	1051.831	880.232	675.583	886.762	1362.175	283.936	1019.712	734.085	689.567	696.183	854.744	524.262	1456.015	598.015
118	1.18000	522.775	1080.753	1256.030	418.835	1065.542	1270.963	449.752	1312.319	1228.265	500.401	1319.782	1134.539	657.009	1117.678	1041.965	276.364	1389.937	1107.891	634.374	1046.676	711.307	76.585	1234.772	834.656	548.792	870.379	821.289	213.481	1051.279	881.069	676.918	885.303	1360.560	282.394	1019.189	734.668	688.060	695.216	853.684	524.101	1456.025	598.333
119	1.19000	523.421	1080.324	1256.628	419.515	1065.087	1272.011	450.069	1311.739	1228.105	500.365	1318.711	1134.844	656.809	1116.494	1042.105	276.889	1388.644	1109.217	634.013	1046.168	711.317	75.538	1234.475	836.734	547.565	869.252	821.189	212.520	1050.686	881.987	678.244	883.832	1358.939	280.695	1018.660	735.299	686.454	694.247	852.656	523.930	1456.051	598.665
120	1.20000	524.133	1079.927	1257.240	420.275	1064.611	1273.097	450.362	1311.153	1227.969	500.333	1317.568	1135.153	656.601	1115.309	1042.300	277.410	1387.239	1110.646	633.645	1045.636	711.402	74.235	1234.158	839.030	546.243	868.035	821.197	211.433	1050.041	883.011	679.582	882.378	1357.284	278.774	1018.163	735.979	684.762	693.282	851.657	523.759	1456.089	598.995
121	1.21000	524.901	1079.567	1257.872	421.108	1064.116	1274.192	450.641	1310.566	1227.854	500.304	1316.347	1135.472	656.373	1114.098	1042.560	277.928	1385.721	1112.187	633.255	1045.084	711.560	72.577	1233.790	841.628	544.828	866.762	821.298	210.181	1049.313	884.173	680.959	880.980	1355.539	276.563	1017.748	736.708	682.995	692.315	850.687	523.592	1456.138	599.311
122	1.22000	525.682	1079.235	1258.531	421.967	1063.601	1275.243	450.927	1309.980	1227.762	500.272	1315.052	1135.818	656.102	1112.831	1042.903	278.443	1384.098	1113.861	632.835	1044.506	711.796	70.484	1233.308	844.660	543.330	865.497	821.455	208.712	1048.450	885.516	682.403	879.680	1353.637	274.006	1017.467	737.485	681.139	691.327	849.745	523.430	1456.199	599.610
123	1.23000	526.380	1078.892	1259.225	422.748	1063.057	1276.176	451.246	1309.398	1227.705	500.236	1313.692	1136.208	655.760	1111.475	1043.344	278.959	1382.385	1115.698	632.386	1043.888	712.117	67.934	1232.607	848.307	541.763	864.353	821.604	206.962	1047.368	887.107	683.943	878.502	1351.529	271.089	1017.338	738.337	679.145	690.270	848.827	523.278	1456.272	599.909
124	1.24000	526.841	1078.472	1259.951	423.282	1062.462	1276.890	451.622	1308.812	1227.706	500.208	1312.282	1136.649	655.307	1109.995	1043.888	279.491	1380.615	1117.732	631.923	1043.197	712.535	64.958	1231.549	852.789	540.154	863.499	821.658	204.872	1045.950	889.052	685.623	877.456	1349.214	267.857	1017.315	739.342	676.922	689.067	847.933	523.146	1456.351	600.256
125	1.25000	526.860	1077.877	1260.687	423.348	1061.789	1277.272	452.055	1308.202	1227.800	500.215	1310.842	1137.138	654.694	1108.360	1044.530	280.093	1378.847	1120.008	631.477	1042.370	713.061	61.604	1229.981	858.336	538.531	863.140	821.519	202.413	1044.054	891.517	687.520	876.521	1346.761	264.385	1017.302	740.655	674.341	687.619	847.071	523.066	1456.396	600.713
126	1.26000	526.196	1076.984	1261.380	422.691	1061.011	1277.210	452.505	1307.526	1228.027	500.295	1309.399	1137.654	653.868	1106.543	1045.244	280.861	1377.154	1122.571	631.085	1041.315	713.706	57.933	1227.754	865.170	536.915	863.416	821.114	199.623	1041.538	894.759	689.757	875.650	1344.333	260.723	1017.204	742.527	671.265	685.816	846.278	523.109	1456.326	601.338
127	1.27000	524.599	1075.653	1261.930	421.046	1060.089	1276.615	452.880	1306.718	1228.423	500.485	1307.979	1138.166	652.776	1104.529	1045.996	281.916	1375.608	1125.474	630.771	1039.913	714.471	54.040	1224.708	873.486	   NaN	   NaN	   NaN	196.628	1038.291	899.131	692.523	874.771	1342.176	256.878	1016.912	745.315	667.589	683.566	845.648	523.368	1456.037	602.170
128	1.28000	521.831	1073.742	1262.185	418.168	1058.971	1275.436	453.057	1305.694	1229.013	500.813	1306.607	1138.642	651.366	1102.303	1046.742	283.378	1374.248	1128.758	630.530	1038.032	715.347	50.080	1220.702	883.422	   NaN	   NaN	   NaN	193.659	1034.259	905.075	696.076	873.804	1340.598	252.849	1016.229	749.476	663.277	680.820	845.355	523.927	1455.469	603.218
129	1.29000	517.674	1071.119	1261.959	413.837	1057.590	1273.642	452.923	1304.362	1229.811	501.283	1305.294	1139.065	649.593	1099.855	1047.442	285.328	1373.043	1132.436	630.313	1035.555	716.308	46.281	1215.659	895.025	531.507	865.295	819.325	191.027	1029.480	913.077	700.749	872.687	1339.924	248.686	1014.846	755.530	658.389	677.592	845.634	524.784	1454.691	604.419
130	1.30000	511.947	1067.676	1261.060	407.863	1055.892	1271.184	452.440	1302.625	1230.832	501.874	1304.031	1139.445	647.420	1097.173	1048.058	287.780	1371.881	1136.474	630.031	1032.403	717.311	42.922	1209.623	908.231	529.164	864.461	819.242	189.075	1024.116	923.563	706.936	871.408	1340.464	244.531	1012.390	764.005	653.063	673.949	846.721	525.794	1453.965	605.601
131	1.31000	504.515	1063.345	1259.312	400.089	1053.885	1267.949	451.644	1300.387	1232.088	502.547	1302.779	1139.820	644.818	1094.235	1048.567	290.673	1370.603	1140.788	629.567	1028.559	718.304	40.281	1202.743	922.848	526.486	862.478	819.526	188.107	1018.450	936.743	715.049	870.032	1342.478	240.640	1008.539	775.362	647.476	669.993	848.753	526.726	1453.644	606.519
132	1.32000	495.318	1058.130	1256.557	390.444	1051.668	1263.753	450.578	1297.546	1233.587	503.248	1301.455	1140.238	641.775	1091.021	1048.951	293.899	1369.045	1145.253	628.805	1024.071	719.225	38.575	1195.228	938.539	523.509	859.557	820.060	188.315	1012.824	952.515	725.437	868.717	1346.159	237.376	1003.128	789.912	641.790	665.835	851.691	527.405	1453.960	606.971
133	1.33000	484.415	1052.141	1252.660	379.023	1049.433	1258.385	449.200	1293.997	1235.296	503.915	1299.930	1140.741	638.302	1087.518	1049.188	297.330	1367.078	1149.725	627.643	1019.061	720.017	37.928	1187.319	954.804	520.260	856.003	820.720	189.725	1007.568	970.463	738.281	867.708	1351.627	235.142	996.219	807.736	636.122	661.583	855.331	527.823	1454.879	606.875
134	1.34000	472.021	1045.621	1247.533	366.156	1047.415	1251.678	447.351	1289.631	1237.105	504.465	1298.066	1141.362	634.435	1083.739	1049.244	300.860	1364.629	1154.064	626.018	1013.703	720.624	38.362	1179.283	970.990	516.746	852.103	821.393	192.218	1002.965	989.911	753.477	867.304	1358.922	234.272	988.104	828.648	630.530	657.339	859.378	528.128	1456.125	606.290
135	1.35000	458.530	1038.937	1241.183	352.389	1045.817	1243.568	444.812	1284.390	1238.821	504.786	1295.764	1142.131	630.226	1079.717	1049.082	304.417	1361.699	1158.131	623.903	1008.204	721.002	39.803	1171.403	986.343	512.959	848.089	821.956	195.588	999.236	1010.024	770.570	867.808	1368.014	234.909	979.225	852.177	625.011	653.200	863.529	528.525	1457.337	605.356
136	1.36000	444.498	1032.503	1233.768	338.409	1044.704	1234.154	441.382	1278.357	1240.220	504.743	1293.002	1143.061	625.728	1075.500	1048.675	307.942	1358.371	1161.779	621.302	1002.769	721.110	42.091	1163.955	1000.108	508.887	844.140	822.275	199.611	996.552	1029.910	788.766	869.486	1378.782	236.941	970.003	877.611	619.506	649.259	867.528	529.133	1458.266	604.217
137	1.37000	430.580	1026.658	1225.641	324.915	1043.966	1223.764	436.946	1271.854	1241.124	504.236	1289.831	1144.112	620.999	1071.133	1048.016	311.361	1354.824	1164.872	618.241	997.595	720.906	45.014	1157.162	1011.640	504.507	840.406	822.224	204.082	995.029	1048.733	807.032	872.507	1390.970	240.016	960.750	904.064	613.912	645.588	871.133	529.937	1458.854	602.986
138	1.38000	417.445	1021.597	1217.371	312.514	1043.416	1212.991	431.531	1265.444	1241.458	503.259	1286.335	1145.176	616.098	1066.659	1047.116	314.563	1351.316	1167.311	614.763	992.849	720.352	48.340	1151.160	1020.502	499.787	837.015	821.717	208.809	994.698	1065.806	824.255	876.902	1404.169	243.628	951.750	930.517	608.112	642.214	874.073	530.844	1459.164	601.755
139	1.39000	405.666	1017.395	1209.679	301.636	1042.884	1202.640	425.366	1259.752	1241.232	501.894	1282.609	1146.107	611.096	1062.125	1045.990	317.401	1348.126	1169.048	610.911	988.657	719.425	51.848	1145.985	1026.510	494.696	834.070	820.720	213.597	995.485	1080.629	839.402	882.555	1417.844	247.268	943.366	955.834	602.001	639.116	876.038	531.752	1459.302	600.606
140	1.40000	395.616	1014.062	1203.264	292.502	1042.257	1193.552	418.893	1255.203	1240.489	500.254	1278.773	1146.771	606.080	1057.592	1044.656	319.700	1345.467	1170.073	606.727	985.088	718.121	55.340	1141.601	1029.734	489.214	831.642	819.246	218.227	997.217	1092.876	851.649	889.226	1431.423	250.567	935.976	978.836	595.505	636.240	876.755	532.565	1459.375	599.616
141	1.41000	387.422	1011.553	1198.612	285.137	1041.482	1186.377	412.679	1251.928	1239.305	498.431	1274.973	1147.078	601.155	1053.140	1043.134	321.269	1343.457	1170.405	602.237	982.153	716.463	58.646	1137.939	1030.436	483.355	829.750	817.343	222.465	999.625	1102.370	860.460	896.622	1444.395	253.334	929.822	998.436	588.594	633.531	876.047	533.185	1459.450	598.859
142	1.42000	381.018	1009.778	1195.898	279.422	1040.579	1181.434	407.239	1249.838	1237.809	496.498	1271.360	1146.981	596.430	1048.862	1041.448	321.924	1342.114	1170.087	597.466	979.814	714.495	61.626	1134.923	1028.978	477.175	828.357	815.080	226.086	1002.367	1109.055	865.606	904.457	1456.387	255.543	924.964	1013.798	581.286	630.958	873.893	533.514	1459.550	598.402
143	1.43000	376.235	1008.620	1195.013	275.166	1039.639	1178.693	402.886	1248.730	1236.173	494.504	1268.065	1146.468	592.013	1044.860	1039.632	321.514	1341.373	1169.178	592.438	978.002	712.275	64.168	1132.492	1025.741	470.774	827.369	812.536	228.926	1005.073	1112.991	867.151	912.502	1467.196	257.294	921.370	1024.426	573.659	628.527	870.456	533.489	1459.673	598.275
144	1.44000	372.880	1007.952	1195.665	272.165	1038.738	1177.879	399.665	1248.358	1234.554	492.465	1265.171	1145.572	587.991	1041.228	1037.738	319.972	1341.110	1167.764	587.186	976.628	709.875	66.209	1130.612	1021.077	464.283	826.670	809.800	230.905	1007.428	1114.359	865.393	920.580	1476.760	258.737	919.021	1030.208	565.844	626.275	866.062	533.110	1459.821	598.469
145	1.45000	370.759	1007.636	1197.467	270.232	1037.875	1178.592	397.399	1248.491	1233.045	490.363	1262.708	1144.377	584.424	1038.038	1035.826	317.363	1341.178	1165.965	581.748	975.601	707.373	67.741	1129.264	1015.279	457.827	826.148	806.967	232.037	1009.236	1113.449	860.786	928.532	1485.097	260.007	917.841	1031.439	558.013	624.244	861.083	532.442	1459.990	598.929
146	1.46000	369.683	1007.536	1200.000	269.205	1036.986	1180.394	395.808	1248.923	1231.673	488.155	1260.642	1143.008	581.337	1035.327	1033.961	313.896	1341.429	1163.925	576.170	974.841	704.851	68.814	1128.432	1008.580	451.502	825.720	804.139	232.414	1010.452	1110.638	853.855	936.215	1492.271	261.207	917.585	1028.768	550.343	622.453	855.861	531.597	1460.163	599.574
147	1.47000	369.457	1007.528	1202.865	268.925	1036.031	1182.849	394.611	1249.472	1230.441	485.803	1258.879	1141.621	578.717	1033.092	1032.198	309.873	1341.739	1161.793	570.502	974.290	702.398	69.513	1128.079	1001.176	445.371	825.342	801.429	232.185	1011.159	1106.348	845.138	943.510	1498.363	262.402	917.922	1023.054	542.988	620.899	850.665	530.697	1460.305	600.311
148	1.48000	369.880	1007.507	1205.730	269.219	1035.022	1185.555	393.587	1249.983	1229.359	483.298	1257.287	1140.375	576.521	1031.291	1030.575	305.631	1342.004	1159.700	564.805	973.905	700.098	69.933	1128.148	993.257	439.471	825.000	798.950	231.527	1011.528	1100.999	835.151	950.328	1503.453	263.608	918.570	1015.205	536.062	619.563	845.699	529.851	1460.371	601.050
149	1.49000	370.741	1007.390	1208.354	269.881	1033.975	1188.176	392.592	1250.331	1228.444	480.675	1255.725	1139.406	574.678	1029.851	1029.117	301.485	1342.134	1157.740	559.160	973.654	698.021	70.166	1128.575	985.035	433.827	824.707	796.795	230.619	1011.756	1094.985	824.378	956.610	1507.605	264.782	919.333	1006.073	529.638	618.422	841.104	529.131	1460.322	601.725
150	1.50000	371.847	1007.115	1210.590	270.705	1032.861	1190.481	391.554	1250.434	1227.713	478.005	1254.098	1138.785	573.103	1028.682	1027.836	297.675	1342.061	1155.965	553.670	973.516	696.218	70.283	1129.310	976.750	428.455	824.489	795.010	229.615	1012.010	1088.640	813.276	962.325	1510.865	265.851	920.090	996.369	523.756	617.462	836.959	528.574	1460.136	602.292
151	1.51000	373.042	1006.652	1212.365	271.542	1031.622	1192.357	390.441	1250.253	1227.161	475.378	1252.384	1138.495	571.698	1027.687	1026.741	294.323	1341.768	1154.391	548.428	973.478	694.702	70.335	1130.315	968.662	423.373	824.369	793.586	228.627	1012.384	1082.234	802.272	967.451	1513.267	266.746	920.800	986.631	518.430	616.671	833.279	528.178	1459.808	602.734
152	1.52000	374.221	1006.002	1213.665	272.321	1030.198	1193.792	389.241	1249.792	1226.767	472.875	1250.643	1138.447	570.364	1026.777	1025.840	291.430	1341.320	1153.011	543.476	973.538	693.437	70.353	1131.564	961.020	418.595	824.362	792.464	227.702	1012.906	1075.963	791.757	971.946	1514.838	267.430	921.481	977.228	513.647	616.032	830.028	527.925	1459.354	603.052
153	1.53000	375.315	1005.196	1214.520	273.035	1028.522	1194.852	387.944	1249.088	1226.493	470.552	1248.980	1138.523	569.015	1025.881	1025.132	288.916	1340.833	1151.808	538.809	973.695	692.349	70.344	1133.024	954.022	414.137	824.463	791.557	226.831	1013.551	1069.960	782.074	975.738	1515.622	267.902	922.189	968.395	509.367	615.516	827.142	527.788	1458.806	603.263
154	1.54000	376.283	1004.280	1214.982	273.713	1026.508	1195.649	386.549	1248.203	1226.301	468.428	1247.492	1138.625	567.583	1024.955	1024.603	286.680	1340.424	1150.755	534.435	973.941	691.378	70.302	1134.640	947.783	410.013	824.647	790.769	225.976	1014.274	1064.299	773.489	978.747	1515.690	268.184	922.997	960.274	505.522	615.085	824.557	527.751	1458.192	603.398
155	1.55000	377.100	1003.311	1215.120	274.362	1024.157	1196.277	385.078	1247.205	1226.160	466.500	1246.236	1138.701	566.029	1023.973	1024.225	284.655	1340.151	1149.818	530.387	974.247	690.500	70.213	1136.341	942.323	406.246	824.853	790.026	225.102	1015.035	1059.019	766.166	980.905	1515.152	268.305	923.967	952.954	502.028	614.706	822.240	527.813	1457.519	603.498
156	1.56000	377.746	1002.340	1215.008	274.935	1021.652	1196.762	383.569	1246.162	1226.049	464.755	1245.205	1138.735	564.346	1022.932	1023.958	282.824	1339.999	1148.961	526.698	974.569	689.701	70.057	1138.060	937.578	402.871	824.989	789.290	224.200	1015.812	1054.145	760.164	982.182	1514.131	268.286	925.131	946.487	498.795	614.364	820.196	528.000	1456.753	603.616
157	1.57000	378.206	1001.399	1214.713	275.355	1019.300	1197.061	382.063	1245.131	1225.950	463.189	1244.349	1138.724	562.558	1021.844	1023.752	281.198	1339.916	1148.164	523.368	974.860	688.965	69.812	1139.736	933.442	399.908	824.965	788.558	223.286	1016.606	1049.700	755.453	982.594	1512.750	268.140	926.466	940.896	495.738	614.056	818.444	528.361	1455.822	603.811
158	1.58000	378.476	1000.513	1214.300	275.570	1017.360	1197.127	380.599	1244.155	1225.848	461.798	1243.604	1138.669	560.713	1020.731	1023.558	279.788	1339.858	1147.423	520.366	975.091	688.272	69.455	1141.335	929.800	397.327	824.767	787.837	222.398	1017.425	1045.702	751.939	982.198	1511.106	267.874	927.901	936.177	492.790	613.778	816.967	528.928	1454.657	604.132
159	1.59000	378.560	999.697	1213.821	275.572	1015.944	1196.956	379.208	1243.260	1225.723	460.573	1242.926	1138.572	558.871	1019.626	1023.326	278.587	1339.808	1146.742	517.654	975.249	687.598	68.978	1142.850	926.565	395.035	824.452	787.131	221.563	1018.268	1042.141	749.500	981.082	1509.253	267.486	929.361	932.281	489.901	613.515	815.691	529.670	1453.267	604.581
160	1.60000	378.469	998.964	1213.325	275.379	1015.025	1196.597	377.907	1242.463	1225.553	459.497	1242.297	1138.437	557.090	1018.563	1023.019	277.574	1339.769	1146.116	515.186	975.330	686.928	68.393	1144.301	923.703	392.913	824.094	786.444	220.788	1019.126	1038.978	748.006	979.352	1507.204	266.979	930.794	929.106	487.038	613.244	814.521	530.452	1451.806	605.082
161	1.61000	378.223	998.322	1212.849	275.023	1014.446	1196.159	376.702	1241.771	1225.320	458.545	1241.710	1138.266	555.418	1017.581	1022.609	276.721	1339.758	1145.535	512.928	975.334	686.251	67.736	1145.710	921.223	390.845	823.730	785.783	220.058	1019.979	1036.157	747.324	977.131	1504.935	266.372	932.189	926.506	484.188	612.944	813.375	531.090	1450.503	605.522
162	1.62000	377.851	997.779	1212.424	274.536	1013.939	1195.803	375.589	1241.183	1225.013	457.691	1241.159	1138.051	553.888	1016.711	1022.089	275.997	1339.794	1144.992	510.852	975.265	685.576	67.034	1147.080	919.145	388.742	823.349	785.170	219.345	1020.807	1033.627	747.335	974.541	1502.404	265.702	933.560	924.310	481.371	612.607	812.212	531.472	1449.501	605.825
163	1.63000	377.387	997.335	1212.064	273.955	1013.258	1195.669	374.555	1240.694	1224.636	456.913	1240.635	1137.780	552.512	1015.964	1021.469	275.374	1339.887	1144.485	508.945	975.128	684.927	66.302	1148.408	917.468	386.551	822.908	784.630	218.623	1021.593	1031.352	747.933	971.696	1499.560	265.014	934.933	922.359	478.638	612.245	811.032	531.601	1448.799	605.985
164	1.64000	376.869	996.981	1211.768	273.319	1012.364	1195.763	373.577	1240.300	1224.201	456.200	1240.133	1137.450	551.282	1015.338	1020.769	274.833	1340.040	1144.021	507.186	974.933	684.326	65.539	1149.695	916.164	384.270	822.399	784.176	217.883	1022.328	1029.313	749.026	968.690	1496.367	264.342	936.336	920.531	476.048	611.877	809.861	531.550	1448.310	606.037
165	1.65000	376.341	996.705	1211.521	272.677	1011.428	1195.953	372.635	1239.997	1223.722	455.549	1239.651	1137.070	550.175	1014.816	1020.016	274.362	1340.248	1143.608	505.533	974.703	683.773	64.731	1150.947	915.184	381.948	821.894	783.778	217.140	1023.023	1027.499	750.548	965.586	1492.807	263.687	937.798	918.758	473.619	611.506	808.712	531.407	1447.942	606.021
166	1.66000	375.841	996.490	1211.308	272.083	1010.647	1196.086	371.713	1239.780	1223.215	454.958	1239.188	1136.659	549.155	1014.372	1019.235	273.952	1340.500	1143.250	503.913	974.477	683.241	63.861	1152.171	914.472	379.667	821.519	783.381	216.437	1023.693	1025.900	752.461	962.404	1488.896	263.004	939.361	917.035	471.306	611.120	807.575	531.248	1447.628	605.969
167	1.67000	375.393	996.327	1211.115	271.591	1010.127	1196.049	370.798	1239.639	1222.698	454.423	1238.743	1136.240	548.180	1013.979	1018.452	273.604	1340.782	1142.948	502.260	974.296	682.703	62.930	1153.359	913.978	377.491	821.365	782.937	215.832	1024.362	1024.491	754.748	959.119	1484.681	262.210	941.087	915.401	469.035	610.716	806.430	531.126	1447.330	605.894
168	1.68000	375.010	996.213	1210.937	271.240	1009.897	1195.775	369.891	1239.562	1222.192	453.933	1238.320	1135.839	547.216	1013.607	1017.690	273.322	1341.078	1142.706	500.551	974.197	682.147	61.974	1154.485	913.673	375.457	821.442	782.426	215.370	1025.048	1023.242	757.387	955.667	1480.230	261.217	943.013	913.922	466.754	610.333	805.290	531.069	1447.037	605.801
169	1.69000	374.693	996.149	1210.772	271.047	1009.931	1195.236	368.997	1239.534	1221.722	453.471	1237.932	1135.482	546.244	1013.239	1016.971	273.113	1341.377	1142.528	498.826	974.197	681.587	61.038	1155.522	913.542	373.571	821.715	781.849	215.063	1025.757	1022.117	760.330	951.976	1475.611	259.971	945.020	912.681	464.464	610.037	804.194	531.084	1446.750	605.690
170	1.70000	374.433	996.133	1210.626	270.995	1010.139	1194.484	368.126	1239.538	1221.301	453.023	1237.591	1135.185	545.261	1012.865	1016.309	272.987	1341.664	1142.418	497.147	974.302	681.042	60.154	1156.451	913.574	371.830	822.135	781.220	214.878	1026.473	1021.080	763.500	947.995	1470.877	258.498	946.844	911.760	462.198	609.873	803.174	531.159	1446.477	605.565
171	1.71000	374.217	996.154	1210.511	271.023	1010.356	1193.685	367.284	1239.560	1220.929	452.586	1237.302	1134.949	544.276	1012.486	1015.710	272.951	1341.931	1142.374	495.560	974.511	680.526	59.333	1157.272	913.756	370.221	822.666	780.565	214.760	1027.160	1020.109	766.813	943.740	1466.063	256.889	948.291	911.168	459.991	609.846	802.231	531.272	1446.221	605.430
172	1.72000	374.031	996.200	1210.440	271.048	1010.371	1193.075	366.468	1239.590	1220.588	452.160	1237.058	1134.762	543.302	1012.112	1015.178	273.005	1342.174	1142.394	494.066	974.829	680.044	58.578	1157.988	914.081	368.720	823.289	779.920	214.660	1027.777	1019.200	770.195	939.300	1461.193	255.270	949.388	910.815	457.866	609.938	801.338	531.401	1445.980	605.295
173	1.73000	373.867	996.254	1210.418	271.010	1010.015	1192.828	365.668	1239.623	1220.259	451.745	1236.839	1134.605	542.351	1011.745	1014.709	273.147	1342.390	1142.480	492.637	975.256	679.599	57.891	1158.609	914.544	367.291	824.009	779.324	214.565	1028.301	1018.365	773.577	934.822	1456.299	253.770	950.311	910.554	455.839	610.131	800.449	531.525	1445.751	605.165
174	1.74000	373.727	996.307	1210.448	270.896	1009.254	1192.972	364.865	1239.656	1219.922	451.347	1236.620	1134.465	541.434	1011.387	1014.291	273.375	1342.572	1142.638	491.247	975.779	679.190	57.275	1159.147	915.143	365.890	824.846	778.798	214.502	1028.752	1017.623	776.883	930.486	1451.441	252.488	951.257	910.243	453.923	610.417	799.522	531.630	1445.530	605.044
175	1.75000	373.621	996.351	1210.529	270.722	1008.212	1193.387	364.027	1239.689	1219.558	450.986	1236.379	1134.329	540.562	1011.038	1013.908	273.692	1342.704	1142.882	489.897	976.364	678.809	56.735	1159.629	915.879	364.484	825.823	778.348	214.524	1029.196	1016.983	780.022	926.495	1446.715	251.459	952.352	909.800	452.141	610.795	798.541	531.710	1445.319	604.935
176	1.76000	373.564	996.379	1210.665	270.524	1007.099	1193.875	363.113	1239.717	1219.141	450.686	1236.096	1134.191	539.749	1010.699	1013.534	274.102	1342.759	1143.224	488.586	976.978	678.437	56.261	1160.108	916.747	363.057	826.935	777.955	214.673	1029.733	1016.417	782.905	923.061	1442.238	250.653	953.635	909.223	450.511	611.256	797.531	531.765	1445.122	604.839
177	1.77000	373.589	996.389	1210.855	270.362	1006.067	1194.252	362.065	1239.736	1218.635	450.463	1235.764	1134.053	539.009	1010.374	1013.132	274.611	1342.700	1143.662	487.284	977.603	678.036	55.824	1160.667	917.721	361.622	828.137	777.579	214.954	1030.463	1015.851	785.472	920.408	1438.107	249.987	955.086	908.572	449.022	611.777	796.542	531.810	1444.941	604.758
178	1.78000	373.743	996.381	1211.095	270.316	1005.149	1194.404	360.810	1239.741	1217.985	450.310	1235.380	1133.921	538.353	1010.070	1012.660	275.228	1342.487	1144.172	485.955	978.228	677.559	55.366	1161.408	918.756	360.209	829.340	777.170	215.313	1031.456	1015.163	787.722	918.768	1434.347	249.351	956.667	907.924	447.640	612.312	795.639	531.863	1444.768	604.692
179	1.79000	374.100	996.364	1211.373	270.490	1004.279	1194.287	359.272	1239.724	1217.114	450.209	1234.940	1133.790	537.787	1009.792	1012.073	275.957	1342.091	1144.703	484.592	978.826	676.955	54.798	1162.433	919.778	358.855	830.423	776.660	215.618	1032.728	1014.214	789.721	918.359	1430.872	248.633	958.362	907.321	446.318	612.789	794.873	531.945	1444.585	604.643
180	1.80000	374.755	996.364	1211.662	271.008	1003.332	1193.900	357.390	1239.676	1215.939	450.128	1234.439	1133.649	537.318	1009.547	1011.337	276.781	1341.511	1145.177	483.215	979.348	676.186	54.010	1163.827	920.692	357.600	831.253	775.962	215.684	1034.246	1012.889	791.575	919.345	1427.446	247.709	960.161	906.732	445.016	613.126	794.262	532.072	1444.369	604.606
